c,sust_z,sust_maha,joint_close,vid_close,aud_close,joint_lat
1.2,1.2954124000804554,2.918132551268066,0.466,0.0,0.0,20.30901287553648
1.5,1.5419044467844332,3.541882467942006,0.998,0.0,0.028,10.396793587174349
1.8,1.814666811739064,4.195026914131023,1.0,0.08,0.098,5.216
2.0,2.0176482318698103,4.6607565924489425,1.0,0.27,0.342,3.972
2.5,2.505476843618364,5.764408971140244,1.0,0.95,0.98,3.096
3.0,3.0006616749078363,6.880366858566145,1.0,1.0,1.0,2.998
